date,home_team,away_team,home_score,away_score,tournament,city,country,neutral
1930/7/13,Belgium,USA,0,3,FIFA World Cup,Montevideo,Uruguay,TRUE
1930/7/13,France,Mexico,4,1,FIFA World Cup,Montevideo,Uruguay,TRUE
1930/7/14,Brazil,Yugoslavia,1,2,FIFA World Cup,Montevideo,Uruguay,TRUE
1930/7/14,Peru,Romania,1,3,FIFA World Cup,Montevideo,Uruguay,TRUE
1930/7/15,Argentina,France,1,0,FIFA World Cup,Montevideo,Uruguay,TRUE
1930/7/16,Chile,Mexico,3,0,FIFA World Cup,Montevideo,Uruguay,TRUE
1930/7/17,Bolivia,Yugoslavia,0,4,FIFA World Cup,Montevideo,Uruguay,TRUE
1930/7/17,Paraguay,USA,0,3,FIFA World Cup,Montevideo,Uruguay,TRUE
1930/7/18,Uruguay,Peru,1,0,FIFA World Cup,Montevideo,Uruguay,FALSE
1930/7/19,Argentina,Mexico,6,3,FIFA World Cup,Montevideo,Uruguay,TRUE
1930/7/19,Chile,France,1,0,FIFA World Cup,Montevideo,Uruguay,TRUE
1930/7/20,Belgium,Paraguay,0,1,FIFA World Cup,Montevideo,Uruguay,TRUE
1930/7/20,Bolivia,Brazil,0,4,FIFA World Cup,Montevideo,Uruguay,TRUE
1930/7/21,Uruguay,Romania,4,0,FIFA World Cup,Montevideo,Uruguay,FALSE
1930/7/22,Argentina,Chile,3,1,FIFA World Cup,Montevideo,Uruguay,TRUE
1930/7/26,Argentina,USA,6,1,FIFA World Cup,Montevideo,Uruguay,TRUE
1930/7/27,Uruguay,Yugoslavia,6,1,FIFA World Cup,Montevideo,Uruguay,FALSE
1930/7/30,Uruguay,Argentina,4,2,FIFA World Cup,Montevideo,Uruguay,FALSE
1934/5/27,Argentina,Sweden,2,3,FIFA World Cup,Bologna,Italy,TRUE
1934/5/27,Austria,France,3,2,FIFA World Cup,Turin,Italy,TRUE
1934/5/27,Belgium,Germany,2,5,FIFA World Cup,Florence,Italy,TRUE
1934/5/27,Brazil,Spain,1,3,FIFA World Cup,Genoa,Italy,TRUE
1934/5/27,Czechoslovakia,Romania,2,1,FIFA World Cup,Trieste,Italy,TRUE
1934/5/27,Egypt,Hungary,2,4,FIFA World Cup,Naples,Italy,TRUE
1934/5/27,Italy,USA,7,1,FIFA World Cup,Rome,Italy,FALSE
1934/5/27,Netherlands,Switzerland,2,3,FIFA World Cup,Milan,Italy,TRUE
1934/5/31,Austria,Hungary,2,1,FIFA World Cup,Bologna,Italy,TRUE
1934/5/31,Czechoslovakia,Switzerland,3,2,FIFA World Cup,Turin,Italy,TRUE
1934/5/31,Germany,Sweden,2,1,FIFA World Cup,Milan,Italy,TRUE
1934/5/31,Italy,Spain,1,1,FIFA World Cup,Florence,Italy,FALSE
1934/6/1,Italy,Spain,1,0,FIFA World Cup,Florence,Italy,FALSE
1934/6/3,Czechoslovakia,Germany,3,1,FIFA World Cup,Rome,Italy,TRUE
1934/6/3,Italy,Austria,1,0,FIFA World Cup,Milan,Italy,FALSE
1934/6/7,Austria,Germany,2,3,FIFA World Cup,Naples,Italy,TRUE
1934/6/10,Italy,Czechoslovakia,2,1,FIFA World Cup,Rome,Italy,FALSE
1938/6/4,Germany,Switzerland,1,1,FIFA World Cup,Paris,France,TRUE
1938/6/5,Brazil,Poland,6,5,FIFA World Cup,Strasbourg,France,TRUE
1938/6/5,Cuba,Romania,3,3,FIFA World Cup,Toulouse,France,TRUE
1938/6/5,Czechoslovakia,Netherlands,3,0,FIFA World Cup,Le Havre,France,TRUE
1938/6/5,France,Belgium,3,1,FIFA World Cup,Colombes,France,FALSE
1938/6/5,Hungary,Indonesia,6,0,FIFA World Cup,Reims,France,TRUE
1938/6/5,Italy,Norway,2,1,FIFA World Cup,Marseilles,France,TRUE
1938/6/9,Cuba,Romania,2,1,FIFA World Cup,Toulouse,France,TRUE
1938/6/9,Germany,Switzerland,2,4,FIFA World Cup,Paris,France,TRUE
1938/6/12,Brazil,Czechoslovakia,1,1,FIFA World Cup,Bordeaux,France,TRUE
1938/6/12,Cuba,Sweden,0,8,FIFA World Cup,Antibes,France,TRUE
1938/6/12,France,Italy,1,3,FIFA World Cup,Colombes,France,FALSE
1938/6/12,Hungary,Switzerland,2,0,FIFA World Cup,Lille,France,TRUE
1938/6/14,Brazil,Czechoslovakia,2,1,FIFA World Cup,Bordeaux,France,TRUE
1938/6/16,Brazil,Italy,1,2,FIFA World Cup,Marseilles,France,TRUE
1938/6/16,Hungary,Sweden,5,1,FIFA World Cup,Paris,France,TRUE
1938/6/19,Brazil,Sweden,4,2,FIFA World Cup,Bordeaux,France,TRUE
1938/6/19,Hungary,Italy,2,4,FIFA World Cup,Colombes,France,TRUE
1950/6/24,Brazil,Mexico,4,0,FIFA World Cup,Rio de Janeiro,Brazil,FALSE
1950/6/25,Chile,England,0,2,FIFA World Cup,Rio de Janeiro,Brazil,TRUE
1950/6/25,Italy,Sweden,2,3,FIFA World Cup,São Paulo,Brazil,TRUE
1950/6/25,Spain,USA,3,1,FIFA World Cup,Curitiba,Brazil,TRUE
1950/6/25,Switzerland,Yugoslavia,0,3,FIFA World Cup,Belo Horizonte,Brazil,TRUE
1950/6/28,Brazil,Switzerland,2,2,FIFA World Cup,São Paulo,Brazil,FALSE
1950/6/28,Mexico,Yugoslavia,1,4,FIFA World Cup,Porto Alegre,Brazil,TRUE
1950/6/29,Chile,Spain,0,2,FIFA World Cup,Rio de Janeiro,Brazil,TRUE
1950/6/29,England,USA,0,1,FIFA World Cup,Belo Horizonte,Brazil,TRUE
1950/6/29,Paraguay,Sweden,2,2,FIFA World Cup,Curitiba,Brazil,TRUE
1950/7/1,Brazil,Yugoslavia,2,0,FIFA World Cup,Rio de Janeiro,Brazil,FALSE
1950/7/2,Bolivia,Uruguay,0,8,FIFA World Cup,Belo Horizonte,Brazil,TRUE
1950/7/2,Chile,USA,5,2,FIFA World Cup,Recife,Brazil,TRUE
1950/7/2,England,Spain,0,1,FIFA World Cup,Rio de Janeiro,Brazil,TRUE
1950/7/2,Italy,Paraguay,2,0,FIFA World Cup,São Paulo,Brazil,TRUE
1950/7/2,Mexico,Switzerland,1,2,FIFA World Cup,Porto Alegre,Brazil,TRUE
1950/7/9,Brazil,Sweden,7,1,FIFA World Cup,Rio de Janeiro,Brazil,FALSE
1950/7/9,Spain,Uruguay,2,2,FIFA World Cup,São Paulo,Brazil,TRUE
1950/7/13,Brazil,Spain,6,1,FIFA World Cup,Rio de Janeiro,Brazil,FALSE
1950/7/13,Sweden,Uruguay,2,3,FIFA World Cup,São Paulo,Brazil,TRUE
1950/7/16,Brazil,Uruguay,1,2,FIFA World Cup,Rio de Janeiro,Brazil,FALSE
1950/7/16,Spain,Sweden,1,3,FIFA World Cup,São Paulo,Brazil,TRUE
1954/6/16,Austria,Scotland,1,0,FIFA World Cup,Zürich,Switzerland,TRUE
1954/6/16,Brazil,Mexico,5,0,FIFA World Cup,Geneva,Switzerland,TRUE
1954/6/16,Czechoslovakia,Uruguay,0,2,FIFA World Cup,Berne,Switzerland,TRUE
1954/6/16,France,Yugoslavia,0,1,FIFA World Cup,Lausanne,Switzerland,TRUE
1954/6/17,Belgium,England,4,4,FIFA World Cup,Basel,Switzerland,TRUE
1954/6/17,Germany,Turkey,4,1,FIFA World Cup,Berne,Switzerland,TRUE
1954/6/17,Hungary,Korea Republic,9,0,FIFA World Cup,Zürich,Switzerland,TRUE
1954/6/17,Switzerland,Italy,2,1,FIFA World Cup,Lausanne,Switzerland,FALSE
1954/6/19,Austria,Czechoslovakia,5,0,FIFA World Cup,Zürich,Switzerland,TRUE
1954/6/19,Brazil,Yugoslavia,1,1,FIFA World Cup,Lausanne,Switzerland,TRUE
1954/6/19,France,Mexico,3,2,FIFA World Cup,Geneva,Switzerland,TRUE
1954/6/19,Scotland,Uruguay,0,7,FIFA World Cup,Basel,Switzerland,TRUE
1954/6/20,Belgium,Italy,1,4,FIFA World Cup,Lugano,Switzerland,TRUE
1954/6/20,Germany,Hungary,3,8,FIFA World Cup,Basel,Switzerland,TRUE
1954/6/20,Korea Republic,Turkey,0,7,FIFA World Cup,Geneva,Switzerland,TRUE
1954/6/20,Switzerland,England,0,2,FIFA World Cup,Berne,Switzerland,FALSE
1954/6/23,Germany,Turkey,7,2,FIFA World Cup,Zürich,Switzerland,TRUE
1954/6/23,Switzerland,Italy,4,1,FIFA World Cup,Basel,Switzerland,FALSE
1954/6/26,England,Uruguay,2,4,FIFA World Cup,Basel,Switzerland,TRUE
1954/6/26,Switzerland,Austria,5,7,FIFA World Cup,Lausanne,Switzerland,FALSE
1954/6/27,Brazil,Hungary,2,4,FIFA World Cup,Berne,Switzerland,TRUE
1954/6/27,Germany,Yugoslavia,2,0,FIFA World Cup,Geneva,Switzerland,TRUE
1954/6/30,Austria,Germany,1,6,FIFA World Cup,Basel,Switzerland,TRUE
1954/6/30,Hungary,Uruguay,4,2,FIFA World Cup,Lausanne,Switzerland,TRUE
1954/7/3,Austria,Uruguay,3,1,FIFA World Cup,Zürich,Switzerland,TRUE
1954/7/4,Germany,Hungary,3,2,FIFA World Cup,Berne,Switzerland,TRUE
1958/6/8,Argentina,Germany,1,3,FIFA World Cup,Malmö,Sweden,TRUE
1958/6/8,Austria,Brazil,0,3,FIFA World Cup,Uddevalla,Sweden,TRUE
1958/6/8,Czechoslovakia,Northern Ireland,0,1,FIFA World Cup,Halmstad,Sweden,TRUE
1958/6/8,England,Russia,2,2,FIFA World Cup,Gothenburg,Sweden,TRUE
1958/6/8,France,Paraguay,7,3,FIFA World Cup,Norrköping,Sweden,TRUE
1958/6/8,Hungary,Wales,1,1,FIFA World Cup,Sandviken,Sweden,TRUE
1958/6/8,Scotland,Yugoslavia,1,1,FIFA World Cup,Västerås,Sweden,TRUE
1958/6/8,Sweden,Mexico,3,0,FIFA World Cup,Solna,Sweden,FALSE
1958/6/11,Argentina,Northern Ireland,3,1,FIFA World Cup,Halmstad,Sweden,TRUE
1958/6/11,Austria,Russia,0,2,FIFA World Cup,Borås,Sweden,TRUE
1958/6/11,Brazil,England,0,0,FIFA World Cup,Gothenburg,Sweden,TRUE
1958/6/11,Czechoslovakia,Germany,2,2,FIFA World Cup,Helsingborg,Sweden,TRUE
1958/6/11,France,Yugoslavia,2,3,FIFA World Cup,Västerås,Sweden,TRUE
1958/6/11,Mexico,Wales,1,1,FIFA World Cup,Solna,Sweden,TRUE
1958/6/11,Paraguay,Scotland,3,2,FIFA World Cup,Norrköping,Sweden,TRUE
1958/6/12,Sweden,Hungary,2,1,FIFA World Cup,Solna,Sweden,FALSE
1958/6/15,Argentina,Czechoslovakia,1,6,FIFA World Cup,Helsingborg,Sweden,TRUE
1958/6/15,Austria,England,2,2,FIFA World Cup,Borås,Sweden,TRUE
1958/6/15,Brazil,Russia,2,0,FIFA World Cup,Gothenburg,Sweden,TRUE
1958/6/15,France,Scotland,2,1,FIFA World Cup,Örebro,Sweden,TRUE
1958/6/15,Germany,Northern Ireland,2,2,FIFA World Cup,Malmö,Sweden,TRUE
1958/6/15,Hungary,Mexico,4,0,FIFA World Cup,Sandviken,Sweden,TRUE
1958/6/15,Paraguay,Yugoslavia,3,3,FIFA World Cup,Eskilstuna,Sweden,TRUE
1958/6/15,Sweden,Wales,0,0,FIFA World Cup,Solna,Sweden,FALSE
1958/6/17,Czechoslovakia,Northern Ireland,1,2,FIFA World Cup,Malmö,Sweden,TRUE
1958/6/17,England,Russia,0,1,FIFA World Cup,Gothenburg,Sweden,TRUE
1958/6/17,Hungary,Wales,1,2,FIFA World Cup,Solna,Sweden,TRUE
1958/6/19,Brazil,Wales,1,0,FIFA World Cup,Gothenburg,Sweden,TRUE
1958/6/19,France,Northern Ireland,4,0,FIFA World Cup,Norrköping,Sweden,TRUE
1958/6/19,Germany,Yugoslavia,1,0,FIFA World Cup,Malmö,Sweden,TRUE
1958/6/19,Sweden,Russia,2,0,FIFA World Cup,Solna,Sweden,FALSE
1958/6/24,Brazil,France,5,2,FIFA World Cup,Solna,Sweden,TRUE
1958/6/24,Sweden,Germany,3,1,FIFA World Cup,Gothenburg,Sweden,FALSE
1958/6/28,France,Germany,6,3,FIFA World Cup,Gothenburg,Sweden,TRUE
1958/6/29,Sweden,Brazil,2,5,FIFA World Cup,Solna,Sweden,FALSE
1962/5/30,Argentina,Bulgaria,1,0,FIFA World Cup,Rancagua,Chile,TRUE
1962/5/30,Brazil,Mexico,2,0,FIFA World Cup,Viña del Mar,Chile,TRUE
1962/5/30,Chile,Switzerland,3,1,FIFA World Cup,Santiago,Chile,FALSE
1962/5/30,Colombia,Uruguay,1,2,FIFA World Cup,Arica,Chile,TRUE
1962/5/31,Czechoslovakia,Spain,1,0,FIFA World Cup,Viña del Mar,Chile,TRUE
1962/5/31,England,Hungary,1,2,FIFA World Cup,Rancagua,Chile,TRUE
1962/5/31,Germany,Italy,0,0,FIFA World Cup,Santiago,Chile,TRUE
1962/5/31,Russia,Yugoslavia,2,0,FIFA World Cup,Arica,Chile,TRUE
1962/6/2,Argentina,England,1,3,FIFA World Cup,Rancagua,Chile,TRUE
1962/6/2,Brazil,Czechoslovakia,0,0,FIFA World Cup,Viña del Mar,Chile,TRUE
1962/6/2,Chile,Italy,2,0,FIFA World Cup,Santiago,Chile,FALSE
1962/6/2,Uruguay,Yugoslavia,1,3,FIFA World Cup,Arica,Chile,TRUE
1962/6/3,Bulgaria,Hungary,1,6,FIFA World Cup,Rancagua,Chile,TRUE
1962/6/3,Colombia,Russia,4,4,FIFA World Cup,Arica,Chile,TRUE
1962/6/3,Germany,Switzerland,2,1,FIFA World Cup,Santiago,Chile,TRUE
1962/6/3,Mexico,Spain,0,1,FIFA World Cup,Viña del Mar,Chile,TRUE
1962/6/6,Argentina,Hungary,0,0,FIFA World Cup,Rancagua,Chile,TRUE
1962/6/6,Brazil,Spain,2,1,FIFA World Cup,Viña del Mar,Chile,TRUE
1962/6/6,Chile,Germany,0,2,FIFA World Cup,Santiago,Chile,FALSE
1962/6/6,Russia,Uruguay,2,1,FIFA World Cup,Arica,Chile,TRUE
1962/6/7,Bulgaria,England,0,0,FIFA World Cup,Rancagua,Chile,TRUE
1962/6/7,Colombia,Yugoslavia,0,5,FIFA World Cup,Arica,Chile,TRUE
1962/6/7,Czechoslovakia,Mexico,1,3,FIFA World Cup,Viña del Mar,Chile,TRUE
1962/6/7,Italy,Switzerland,3,0,FIFA World Cup,Santiago,Chile,TRUE
1962/6/10,Brazil,England,3,1,FIFA World Cup,Viña del Mar,Chile,TRUE
1962/6/10,Chile,Russia,2,1,FIFA World Cup,Arica,Chile,FALSE
1962/6/10,Czechoslovakia,Hungary,1,0,FIFA World Cup,Rancagua,Chile,TRUE
1962/6/10,Germany,Yugoslavia,0,1,FIFA World Cup,Santiago,Chile,TRUE
1962/6/13,Chile,Brazil,2,4,FIFA World Cup,Santiago,Chile,FALSE
1962/6/13,Czechoslovakia,Yugoslavia,3,1,FIFA World Cup,Viña del Mar,Chile,TRUE
1962/6/16,Chile,Yugoslavia,1,0,FIFA World Cup,Santiago,Chile,FALSE
1962/6/17,Brazil,Czechoslovakia,3,1,FIFA World Cup,Santiago,Chile,TRUE
1966/7/11,England,Uruguay,0,0,FIFA World Cup,London,England,FALSE
1966/7/12,Brazil,Bulgaria,2,0,FIFA World Cup,Liverpool,England,TRUE
1966/7/12,Germany,Switzerland,5,0,FIFA World Cup,Sheffield,England,TRUE
1966/7/12,Korea DPR,Russia,0,3,FIFA World Cup,Middlesbrough,England,TRUE
1966/7/13,Argentina,Spain,2,1,FIFA World Cup,Birmingham,England,TRUE
1966/7/13,Chile,Italy,0,2,FIFA World Cup,Sunderland,England,TRUE
1966/7/13,France,Mexico,1,1,FIFA World Cup,London,England,TRUE
1966/7/13,Hungary,Portugal,1,3,FIFA World Cup,Manchester,England,TRUE
1966/7/15,Brazil,Hungary,1,3,FIFA World Cup,Liverpool,England,TRUE
1966/7/15,Chile,Korea DPR,1,1,FIFA World Cup,Middlesbrough,England,TRUE
1966/7/15,France,Uruguay,1,2,FIFA World Cup,London,England,TRUE
1966/7/15,Spain,Switzerland,2,1,FIFA World Cup,Sheffield,England,TRUE
1966/7/16,Argentina,Germany,0,0,FIFA World Cup,Birmingham,England,TRUE
1966/7/16,Bulgaria,Portugal,0,3,FIFA World Cup,Manchester,England,TRUE
1966/7/16,England,Mexico,2,0,FIFA World Cup,London,England,FALSE
1966/7/16,Italy,Russia,0,1,FIFA World Cup,Sunderland,England,TRUE
1966/7/19,Argentina,Switzerland,2,0,FIFA World Cup,Sheffield,England,TRUE
1966/7/19,Brazil,Portugal,1,3,FIFA World Cup,Liverpool,England,TRUE
1966/7/19,Italy,Korea DPR,0,1,FIFA World Cup,Middlesbrough,England,TRUE
1966/7/19,Mexico,Uruguay,0,0,FIFA World Cup,London,England,TRUE
1966/7/20,Bulgaria,Hungary,1,3,FIFA World Cup,Manchester,England,TRUE
1966/7/20,Chile,Russia,1,2,FIFA World Cup,Sunderland,England,TRUE
1966/7/20,England,France,2,0,FIFA World Cup,London,England,FALSE
1966/7/20,Germany,Spain,2,1,FIFA World Cup,Birmingham,England,TRUE
1966/7/23,England,Argentina,1,0,FIFA World Cup,London,England,FALSE
1966/7/23,Germany,Uruguay,4,0,FIFA World Cup,Sheffield,England,TRUE
1966/7/23,Hungary,Russia,1,2,FIFA World Cup,Sunderland,England,TRUE
1966/7/23,Korea DPR,Portugal,3,5,FIFA World Cup,Liverpool,England,TRUE
1966/7/25,Germany,Russia,2,1,FIFA World Cup,Liverpool,England,TRUE
1966/7/26,England,Portugal,2,1,FIFA World Cup,London,England,FALSE
1966/7/28,Portugal,Russia,2,1,FIFA World Cup,London,England,TRUE
1966/7/30,England,Germany,4,2,FIFA World Cup,London,England,FALSE
1970/5/31,Mexico,Russia,0,0,FIFA World Cup,Mexico City,Mexico,FALSE
1970/6/2,Bulgaria,Peru,2,3,FIFA World Cup,León,Mexico,TRUE
1970/6/2,England,Romania,1,0,FIFA World Cup,Guadalajara,Mexico,TRUE
1970/6/2,Israel,Uruguay,0,2,FIFA World Cup,Puebla,Mexico,TRUE
1970/6/3,Belgium,El Salvador,3,0,FIFA World Cup,Mexico City,Mexico,TRUE
1970/6/3,Brazil,Czechoslovakia,4,1,FIFA World Cup,Guadalajara,Mexico,TRUE
1970/6/3,Germany,Morocco,2,1,FIFA World Cup,León,Mexico,TRUE
1970/6/3,Italy,Sweden,1,0,FIFA World Cup,Toluca,Mexico,TRUE
1970/6/6,Belgium,Russia,1,4,FIFA World Cup,Mexico City,Mexico,TRUE
1970/6/6,Czechoslovakia,Romania,1,2,FIFA World Cup,Guadalajara,Mexico,TRUE
1970/6/6,Italy,Uruguay,0,0,FIFA World Cup,Puebla,Mexico,TRUE
1970/6/6,Morocco,Peru,0,3,FIFA World Cup,León,Mexico,TRUE
1970/6/7,Brazil,England,1,0,FIFA World Cup,Guadalajara,Mexico,TRUE
1970/6/7,Bulgaria,Germany,2,5,FIFA World Cup,León,Mexico,TRUE
1970/6/7,Israel,Sweden,1,1,FIFA World Cup,Toluca,Mexico,TRUE
1970/6/7,Mexico,El Salvador,4,0,FIFA World Cup,Mexico City,Mexico,FALSE
1970/6/10,Brazil,Romania,3,2,FIFA World Cup,Guadalajara,Mexico,TRUE
1970/6/10,El Salvador,Russia,0,2,FIFA World Cup,Mexico City,Mexico,TRUE
1970/6/10,Germany,Peru,3,1,FIFA World Cup,León,Mexico,TRUE
1970/6/10,Sweden,Uruguay,1,0,FIFA World Cup,Puebla,Mexico,TRUE
1970/6/11,Bulgaria,Morocco,1,1,FIFA World Cup,León,Mexico,TRUE
1970/6/11,Czechoslovakia,England,0,1,FIFA World Cup,Guadalajara,Mexico,TRUE
1970/6/11,Israel,Italy,0,0,FIFA World Cup,Toluca,Mexico,TRUE
1970/6/11,Mexico,Belgium,1,0,FIFA World Cup,Mexico City,Mexico,FALSE
1970/6/14,Brazil,Peru,4,2,FIFA World Cup,Guadalajara,Mexico,TRUE
1970/6/14,England,Germany,2,3,FIFA World Cup,León,Mexico,TRUE
1970/6/14,Mexico,Italy,1,4,FIFA World Cup,Toluca,Mexico,FALSE
1970/6/14,Russia,Uruguay,0,1,FIFA World Cup,Mexico City,Mexico,TRUE
1970/6/17,Brazil,Uruguay,3,1,FIFA World Cup,Guadalajara,Mexico,TRUE
1970/6/17,Germany,Italy,3,4,FIFA World Cup,Mexico City,Mexico,TRUE
1970/6/20,Germany,Uruguay,1,0,FIFA World Cup,Mexico City,Mexico,TRUE
1970/6/21,Brazil,Italy,4,1,FIFA World Cup,Mexico City,Mexico,TRUE
1974/6/13,Brazil,Yugoslavia,0,0,FIFA World Cup,Frankfurt am Main,Germany,TRUE
1974/6/14,Congo DR,Scotland,0,2,FIFA World Cup,Dortmund,Germany,TRUE
1974/6/14,German DR,Australia,2,0,FIFA World Cup,Hamburg,Germany,TRUE
1974/6/14,Germany,Chile,1,0,FIFA World Cup,Berlin,Germany,FALSE
1974/6/15,Italy,Haiti,3,1,FIFA World Cup,Munich,Germany,TRUE
1974/6/15,Poland,Argentina,3,2,FIFA World Cup,Stuttgart,Germany,TRUE
1974/6/15,Sweden,Bulgaria,0,0,FIFA World Cup,Düsseldorf,Germany,TRUE
1974/6/15,Uruguay,Netherlands,0,2,FIFA World Cup,Hanover,Germany,TRUE
1974/6/18,Chile,German DR,1,1,FIFA World Cup,Berlin,Germany,TRUE
1974/6/18,Germany,Australia,3,0,FIFA World Cup,Hamburg,Germany,FALSE
1974/6/18,Scotland,Brazil,0,0,FIFA World Cup,Frankfurt am Main,Germany,TRUE
1974/6/18,Yugoslavia,Congo DR,9,0,FIFA World Cup,Gelsenkirchen,Germany,TRUE
1974/6/19,Argentina,Italy,1,1,FIFA World Cup,Stuttgart,Germany,TRUE
1974/6/19,Bulgaria,Uruguay,1,1,FIFA World Cup,Hanover,Germany,TRUE
1974/6/19,Haiti,Poland,0,7,FIFA World Cup,Munich,Germany,TRUE
1974/6/19,Netherlands,Sweden,0,0,FIFA World Cup,Dortmund,Germany,TRUE
1974/6/22,Australia,Chile,0,0,FIFA World Cup,Berlin,Germany,TRUE
1974/6/22,Congo DR,Brazil,0,3,FIFA World Cup,Gelsenkirchen,Germany,TRUE
1974/6/22,Germany,German DR,0,1,FIFA World Cup,Hamburg,Germany,FALSE
1974/6/22,Scotland,Yugoslavia,1,1,FIFA World Cup,Frankfurt am Main,Germany,TRUE
1974/6/23,Argentina,Haiti,4,1,FIFA World Cup,Munich,Germany,TRUE
1974/6/23,Bulgaria,Netherlands,1,4,FIFA World Cup,Dortmund,Germany,TRUE
1974/6/23,Poland,Italy,2,1,FIFA World Cup,Stuttgart,Germany,TRUE
1974/6/23,Sweden,Uruguay,3,0,FIFA World Cup,Düsseldorf,Germany,TRUE
1974/6/26,Brazil,German DR,1,0,FIFA World Cup,Hanover,Germany,TRUE
1974/6/26,Germany,Yugoslavia,2,0,FIFA World Cup,Düsseldorf,Germany,FALSE
1974/6/26,Netherlands,Argentina,4,0,FIFA World Cup,Gelsenkirchen,Germany,TRUE
1974/6/26,Sweden,Poland,0,1,FIFA World Cup,Stuttgart,Germany,TRUE
1974/6/30,Argentina,Brazil,1,2,FIFA World Cup,Hanover,Germany,TRUE
1974/6/30,German DR,Netherlands,0,2,FIFA World Cup,Gelsenkirchen,Germany,TRUE
1974/6/30,Germany,Sweden,4,2,FIFA World Cup,Düsseldorf,Germany,FALSE
1974/6/30,Poland,Yugoslavia,2,1,FIFA World Cup,Frankfurt am Main,Germany,TRUE
1974/7/3,Argentina,German DR,1,1,FIFA World Cup,Gelsenkirchen,Germany,TRUE
1974/7/3,Germany,Poland,1,0,FIFA World Cup,Frankfurt am Main,Germany,FALSE
1974/7/3,Netherlands,Brazil,2,0,FIFA World Cup,Dortmund,Germany,TRUE
1974/7/3,Sweden,Yugoslavia,2,1,FIFA World Cup,Düsseldorf,Germany,TRUE
1974/7/6,Brazil,Poland,0,1,FIFA World Cup,Munich,Germany,TRUE
1974/7/7,Germany,Netherlands,2,1,FIFA World Cup,Munich,Germany,FALSE
1978/6/1,Germany,Poland,0,0,FIFA World Cup,Buenos Aires,Argentina,TRUE
1978/6/2,Argentina,Hungary,2,1,FIFA World Cup,Buenos Aires,Argentina,FALSE
1978/6/2,France,Italy,1,2,FIFA World Cup,Mar del Plata,Argentina,TRUE
1978/6/2,Mexico,Tunisia,1,3,FIFA World Cup,Rosario,Argentina,TRUE
1978/6/3,Austria,Spain,2,1,FIFA World Cup,Buenos Aires,Argentina,TRUE
1978/6/3,Brazil,Sweden,1,1,FIFA World Cup,Mar del Plata,Argentina,TRUE
1978/6/3,Iran,Netherlands,0,3,FIFA World Cup,Mendoza,Argentina,TRUE
1978/6/3,Peru,Scotland,3,1,FIFA World Cup,Córdoba,Argentina,TRUE
1978/6/6,Argentina,France,2,1,FIFA World Cup,Buenos Aires,Argentina,FALSE
1978/6/6,Germany,Mexico,6,0,FIFA World Cup,Córdoba,Argentina,TRUE
1978/6/6,Hungary,Italy,1,3,FIFA World Cup,Mar del Plata,Argentina,TRUE
1978/6/6,Poland,Tunisia,1,0,FIFA World Cup,Rosario,Argentina,TRUE
1978/6/7,Austria,Sweden,1,0,FIFA World Cup,Buenos Aires,Argentina,TRUE
1978/6/7,Brazil,Spain,0,0,FIFA World Cup,Mar del Plata,Argentina,TRUE
1978/6/7,Iran,Scotland,1,1,FIFA World Cup,Córdoba,Argentina,TRUE
1978/6/7,Netherlands,Peru,0,0,FIFA World Cup,Mendoza,Argentina,TRUE
1978/6/10,Argentina,Italy,0,1,FIFA World Cup,Buenos Aires,Argentina,FALSE
1978/6/10,France,Hungary,3,1,FIFA World Cup,Mar del Plata,Argentina,TRUE
1978/6/10,Germany,Tunisia,0,0,FIFA World Cup,Córdoba,Argentina,TRUE
1978/6/10,Mexico,Poland,1,3,FIFA World Cup,Rosario,Argentina,TRUE
1978/6/11,Austria,Brazil,0,1,FIFA World Cup,Mar del Plata,Argentina,TRUE
1978/6/11,Iran,Peru,1,4,FIFA World Cup,Córdoba,Argentina,TRUE
1978/6/11,Netherlands,Scotland,2,3,FIFA World Cup,Mendoza,Argentina,TRUE
1978/6/11,Spain,Sweden,1,0,FIFA World Cup,Buenos Aires,Argentina,TRUE
1978/6/14,Argentina,Poland,2,0,FIFA World Cup,Rosario,Argentina,FALSE
1978/6/14,Austria,Netherlands,1,5,FIFA World Cup,Córdoba,Argentina,TRUE
1978/6/14,Brazil,Peru,3,0,FIFA World Cup,Mendoza,Argentina,TRUE
1978/6/14,Germany,Italy,0,0,FIFA World Cup,Buenos Aires,Argentina,TRUE
1978/6/18,Argentina,Brazil,0,0,FIFA World Cup,Rosario,Argentina,FALSE
1978/6/18,Austria,Italy,0,1,FIFA World Cup,Buenos Aires,Argentina,TRUE
1978/6/18,Germany,Netherlands,2,2,FIFA World Cup,Córdoba,Argentina,TRUE
1978/6/18,Peru,Poland,0,1,FIFA World Cup,Mendoza,Argentina,TRUE
1978/6/21,Argentina,Peru,6,0,FIFA World Cup,Rosario,Argentina,FALSE
1978/6/21,Austria,Germany,3,2,FIFA World Cup,Córdoba,Argentina,TRUE
1978/6/21,Brazil,Poland,3,1,FIFA World Cup,Mendoza,Argentina,TRUE
1978/6/21,Italy,Netherlands,1,2,FIFA World Cup,Buenos Aires,Argentina,TRUE
1978/6/24,Brazil,Italy,2,1,FIFA World Cup,Buenos Aires,Argentina,TRUE
1978/6/25,Argentina,Netherlands,3,1,FIFA World Cup,Buenos Aires,Argentina,FALSE
1982/6/13,Argentina,Belgium,0,1,FIFA World Cup,Barcelona,Spain,TRUE
1982/6/14,Brazil,Russia,2,1,FIFA World Cup,Seville,Spain,TRUE
1982/6/14,Italy,Poland,0,0,FIFA World Cup,Vigo,Spain,TRUE
1982/6/15,Hungary,El Salvador,10,1,FIFA World Cup,Elche,Spain,TRUE
1982/6/15,Peru,Cameroon,0,0,FIFA World Cup,La Coruña,Spain,TRUE
1982/6/15,Scotland,New Zealand,5,2,FIFA World Cup,Málaga,Spain,TRUE
1982/6/16,England,France,3,1,FIFA World Cup,Bilbao,Spain,TRUE
1982/6/16,Germany,Algeria,1,2,FIFA World Cup,Gijón,Spain,TRUE
1982/6/16,Spain,Honduras,1,1,FIFA World Cup,Valencia,Spain,FALSE
1982/6/17,Chile,Austria,0,1,FIFA World Cup,Oviedo,Spain,TRUE
1982/6/17,Czechoslovakia,Kuwait,1,1,FIFA World Cup,Valladolid,Spain,TRUE
1982/6/17,Yugoslavia,Northern Ireland,0,0,FIFA World Cup,Zaragoza,Spain,TRUE
1982/6/18,Argentina,Hungary,4,1,FIFA World Cup,Alicante,Spain,TRUE
1982/6/18,Brazil,Scotland,4,1,FIFA World Cup,Seville,Spain,TRUE
1982/6/18,Italy,Peru,1,1,FIFA World Cup,Vigo,Spain,TRUE
1982/6/19,Belgium,El Salvador,1,0,FIFA World Cup,Elche,Spain,TRUE
1982/6/19,Poland,Cameroon,0,0,FIFA World Cup,La Coruña,Spain,TRUE
1982/6/19,Russia,New Zealand,3,0,FIFA World Cup,Málaga,Spain,TRUE
1982/6/20,England,Czechoslovakia,2,0,FIFA World Cup,Bilbao,Spain,TRUE
1982/6/20,Germany,Chile,4,1,FIFA World Cup,Gijón,Spain,TRUE
1982/6/20,Spain,Yugoslavia,2,1,FIFA World Cup,Valencia,Spain,FALSE
1982/6/21,Algeria,Austria,0,2,FIFA World Cup,Oviedo,Spain,TRUE
1982/6/21,France,Kuwait,4,1,FIFA World Cup,Valladolid,Spain,TRUE
1982/6/21,Honduras,Northern Ireland,1,1,FIFA World Cup,Zaragoza,Spain,TRUE
1982/6/22,Belgium,Hungary,1,1,FIFA World Cup,Elche,Spain,TRUE
1982/6/22,Poland,Peru,5,1,FIFA World Cup,La Coruña,Spain,TRUE
1982/6/22,Russia,Scotland,2,2,FIFA World Cup,Málaga,Spain,TRUE
1982/6/23,Argentina,El Salvador,2,0,FIFA World Cup,Alicante,Spain,TRUE
1982/6/23,Brazil,New Zealand,4,0,FIFA World Cup,Seville,Spain,TRUE
1982/6/23,Italy,Cameroon,1,1,FIFA World Cup,Vigo,Spain,TRUE
1982/6/24,Algeria,Chile,3,2,FIFA World Cup,Oviedo,Spain,TRUE
1982/6/24,France,Czechoslovakia,1,1,FIFA World Cup,Valladolid,Spain,TRUE
1982/6/24,Honduras,Yugoslavia,0,1,FIFA World Cup,Zaragoza,Spain,TRUE
1982/6/25,England,Kuwait,1,0,FIFA World Cup,Bilbao,Spain,TRUE
1982/6/25,Germany,Austria,1,0,FIFA World Cup,Gijón,Spain,TRUE
1982/6/25,Spain,Northern Ireland,0,1,FIFA World Cup,Valencia,Spain,FALSE
1982/6/28,Austria,France,0,1,FIFA World Cup,Madrid,Spain,TRUE
1982/6/28,Poland,Belgium,3,0,FIFA World Cup,Barcelona,Spain,TRUE
1982/6/29,Germany,England,0,0,FIFA World Cup,Madrid,Spain,TRUE
1982/6/29,Italy,Argentina,2,1,FIFA World Cup,Barcelona,Spain,TRUE
1982/7/1,Austria,Northern Ireland,2,2,FIFA World Cup,Madrid,Spain,TRUE
1982/7/1,Belgium,Russia,0,1,FIFA World Cup,Barcelona,Spain,TRUE
1982/7/2,Argentina,Brazil,1,3,FIFA World Cup,Barcelona,Spain,TRUE
1982/7/2,Spain,Germany,1,2,FIFA World Cup,Madrid,Spain,FALSE
1982/7/4,France,Northern Ireland,4,1,FIFA World Cup,Madrid,Spain,TRUE
1982/7/4,Poland,Russia,0,0,FIFA World Cup,Barcelona,Spain,TRUE
1982/7/5,Italy,Brazil,3,2,FIFA World Cup,Barcelona,Spain,TRUE
1982/7/5,Spain,England,0,0,FIFA World Cup,Madrid,Spain,FALSE
1982/7/8,Germany,France,3,3,FIFA World Cup,Seville,Spain,TRUE
1982/7/8,Poland,Italy,0,2,FIFA World Cup,Barcelona,Spain,TRUE
1982/7/10,Poland,France,3,2,FIFA World Cup,Alicante,Spain,TRUE
1982/7/11,Italy,Germany,3,1,FIFA World Cup,Madrid,Spain,TRUE
1986/5/31,Bulgaria,Italy,1,1,FIFA World Cup,Mexico City,Mexico,TRUE
1986/6/1,Canada,France,0,1,FIFA World Cup,León,Mexico,TRUE
1986/6/1,Spain,Brazil,0,1,FIFA World Cup,Guadalajara,Mexico,TRUE
1986/6/2,Argentina,Korea Republic,3,1,FIFA World Cup,Mexico City,Mexico,TRUE
1986/6/2,Morocco,Poland,0,0,FIFA World Cup,Monterrey,Mexico,TRUE
1986/6/2,Russia,Hungary,6,0,FIFA World Cup,Irapuato,Mexico,TRUE
1986/6/3,Algeria,Northern Ireland,1,1,FIFA World Cup,Guadalajara,Mexico,TRUE
1986/6/3,Mexico,Belgium,2,1,FIFA World Cup,Mexico City,Mexico,FALSE
1986/6/3,Portugal,England,1,0,FIFA World Cup,Monterrey,Mexico,TRUE
1986/6/4,Paraguay,Iraq,1,0,FIFA World Cup,Toluca,Mexico,TRUE
1986/6/4,Scotland,Denmark,0,1,FIFA World Cup,Nezahualcóyotl,Mexico,TRUE
1986/6/4,Uruguay,Germany,1,1,FIFA World Cup,Querétaro,Mexico,TRUE
1986/6/5,France,Russia,1,1,FIFA World Cup,León,Mexico,TRUE
1986/6/5,Italy,Argentina,1,1,FIFA World Cup,Puebla,Mexico,TRUE
1986/6/5,Korea Republic,Bulgaria,1,1,FIFA World Cup,Mexico City,Mexico,TRUE
1986/6/6,Brazil,Algeria,1,0,FIFA World Cup,Guadalajara,Mexico,TRUE
1986/6/6,England,Morocco,0,0,FIFA World Cup,Monterrey,Mexico,TRUE
1986/6/6,Hungary,Canada,2,0,FIFA World Cup,Irapuato,Mexico,TRUE
1986/6/7,Mexico,Paraguay,1,1,FIFA World Cup,Mexico City,Mexico,FALSE
1986/6/7,Northern Ireland,Spain,1,2,FIFA World Cup,Guadalajara,Mexico,TRUE
1986/6/7,Poland,Portugal,1,0,FIFA World Cup,Monterrey,Mexico,TRUE
1986/6/8,Denmark,Uruguay,6,1,FIFA World Cup,Nezahualcóyotl,Mexico,TRUE
1986/6/8,Germany,Scotland,2,1,FIFA World Cup,Querétaro,Mexico,TRUE
1986/6/8,Iraq,Belgium,1,2,FIFA World Cup,Toluca,Mexico,TRUE
1986/6/9,Hungary,France,0,3,FIFA World Cup,León,Mexico,TRUE
1986/6/9,Russia,Canada,2,0,FIFA World Cup,Irapuato,Mexico,TRUE
1986/6/10,Argentina,Bulgaria,2,0,FIFA World Cup,Mexico City,Mexico,TRUE
1986/6/10,Korea Republic,Italy,2,3,FIFA World Cup,Puebla,Mexico,TRUE
1986/6/11,England,Poland,3,0,FIFA World Cup,Monterrey,Mexico,TRUE
1986/6/11,Mexico,Iraq,1,0,FIFA World Cup,Mexico City,Mexico,FALSE
1986/6/11,Paraguay,Belgium,2,2,FIFA World Cup,Toluca,Mexico,TRUE
1986/6/11,Portugal,Morocco,1,3,FIFA World Cup,Guadalajara,Mexico,TRUE
1986/6/12,Algeria,Spain,0,3,FIFA World Cup,Monterrey,Mexico,TRUE
1986/6/12,Northern Ireland,Brazil,0,3,FIFA World Cup,Guadalajara,Mexico,TRUE
1986/6/13,Denmark,Germany,2,0,FIFA World Cup,Querétaro,Mexico,TRUE
1986/6/13,Scotland,Uruguay,0,0,FIFA World Cup,Nezahualcóyotl,Mexico,TRUE
1986/6/15,Mexico,Bulgaria,2,0,FIFA World Cup,Mexico City,Mexico,FALSE
1986/6/15,Russia,Belgium,3,4,FIFA World Cup,León,Mexico,TRUE
1986/6/16,Argentina,Uruguay,1,0,FIFA World Cup,Puebla,Mexico,TRUE
1986/6/16,Brazil,Poland,4,0,FIFA World Cup,Guadalajara,Mexico,TRUE
1986/6/17,Italy,France,0,2,FIFA World Cup,Mexico City,Mexico,TRUE
1986/6/17,Morocco,Germany,0,1,FIFA World Cup,Monterrey,Mexico,TRUE
1986/6/18,Denmark,Spain,1,5,FIFA World Cup,Querétaro,Mexico,TRUE
1986/6/18,England,Paraguay,3,0,FIFA World Cup,Mexico City,Mexico,TRUE
1986/6/21,Brazil,France,1,1,FIFA World Cup,Guadalajara,Mexico,TRUE
1986/6/21,Mexico,Germany,0,0,FIFA World Cup,Monterrey,Mexico,FALSE
1986/6/22,Argentina,England,2,1,FIFA World Cup,Mexico City,Mexico,TRUE
1986/6/22,Spain,Belgium,1,1,FIFA World Cup,Puebla,Mexico,TRUE
1986/6/25,Argentina,Belgium,2,0,FIFA World Cup,Mexico City,Mexico,TRUE
1986/6/25,France,Germany,0,2,FIFA World Cup,Guadalajara,Mexico,TRUE
1986/6/28,France,Belgium,4,2,FIFA World Cup,Puebla,Mexico,TRUE
1986/6/29,Argentina,Germany,3,2,FIFA World Cup,Mexico City,Mexico,TRUE
1990/6/8,Argentina,Cameroon,0,1,FIFA World Cup,Milan,Italy,TRUE
1990/6/9,Italy,Austria,1,0,FIFA World Cup,Rome,Italy,FALSE
1990/6/9,Russia,Romania,0,2,FIFA World Cup,Bari,Italy,TRUE
1990/6/9,United Arab Emirates,Colombia,0,2,FIFA World Cup,Bologna,Italy,TRUE
1990/6/10,Brazil,Sweden,2,1,FIFA World Cup,Turin,Italy,TRUE
1990/6/10,Germany,Yugoslavia,4,1,FIFA World Cup,Milan,Italy,TRUE
1990/6/10,USA,Czechoslovakia,1,5,FIFA World Cup,Florence,Italy,TRUE
1990/6/11,Costa Rica,Scotland,1,0,FIFA World Cup,Genoa,Italy,TRUE
1990/6/11,England,Ireland,1,1,FIFA World Cup,Cagliari,Italy,TRUE
1990/6/12,Belgium,Korea Republic,2,0,FIFA World Cup,Verona,Italy,TRUE
1990/6/12,Netherlands,Egypt,1,1,FIFA World Cup,Palermo,Italy,TRUE
1990/6/13,Argentina,Russia,2,0,FIFA World Cup,Naples,Italy,TRUE
1990/6/13,Uruguay,Spain,0,0,FIFA World Cup,Udine,Italy,TRUE
1990/6/14,Cameroon,Romania,2,1,FIFA World Cup,Bari,Italy,TRUE
1990/6/14,Italy,USA,1,0,FIFA World Cup,Rome,Italy,FALSE
1990/6/14,Yugoslavia,Colombia,1,0,FIFA World Cup,Bologna,Italy,TRUE
1990/6/15,Austria,Czechoslovakia,0,1,FIFA World Cup,Florence,Italy,TRUE
1990/6/15,Germany,United Arab Emirates,5,1,FIFA World Cup,Milan,Italy,TRUE
1990/6/16,Brazil,Costa Rica,1,0,FIFA World Cup,Turin,Italy,TRUE
1990/6/16,England,Netherlands,0,0,FIFA World Cup,Cagliari,Italy,TRUE
1990/6/16,Sweden,Scotland,1,2,FIFA World Cup,Genoa,Italy,TRUE
1990/6/17,Belgium,Uruguay,3,1,FIFA World Cup,Verona,Italy,TRUE
1990/6/17,Ireland,Egypt,0,0,FIFA World Cup,Palermo,Italy,TRUE
1990/6/17,Korea Republic,Spain,1,3,FIFA World Cup,Udine,Italy,TRUE
1990/6/18,Argentina,Romania,1,1,FIFA World Cup,Naples,Italy,TRUE
1990/6/18,Cameroon,Russia,0,4,FIFA World Cup,Bari,Italy,TRUE
1990/6/19,Austria,USA,2,1,FIFA World Cup,Florence,Italy,TRUE
1990/6/19,Germany,Colombia,1,1,FIFA World Cup,Milan,Italy,TRUE
1990/6/19,Italy,Czechoslovakia,2,0,FIFA World Cup,Rome,Italy,FALSE
1990/6/19,Yugoslavia,United Arab Emirates,4,1,FIFA World Cup,Bologna,Italy,TRUE
1990/6/20,Brazil,Scotland,1,0,FIFA World Cup,Turin,Italy,TRUE
1990/6/20,Sweden,Costa Rica,1,2,FIFA World Cup,Genoa,Italy,TRUE
1990/6/21,Belgium,Spain,1,2,FIFA World Cup,Verona,Italy,TRUE
1990/6/21,England,Egypt,1,0,FIFA World Cup,Cagliari,Italy,TRUE
1990/6/21,Ireland,Netherlands,1,1,FIFA World Cup,Palermo,Italy,TRUE
1990/6/21,Korea Republic,Uruguay,0,1,FIFA World Cup,Udine,Italy,TRUE
1990/6/23,Cameroon,Colombia,2,1,FIFA World Cup,Naples,Italy,TRUE
1990/6/23,Czechoslovakia,Costa Rica,4,1,FIFA World Cup,Bari,Italy,TRUE
1990/6/24,Brazil,Argentina,0,1,FIFA World Cup,Turin,Italy,TRUE
1990/6/24,Germany,Netherlands,2,1,FIFA World Cup,Milan,Italy,TRUE
1990/6/25,Ireland,Romania,0,0,FIFA World Cup,Genoa,Italy,TRUE
1990/6/25,Italy,Uruguay,2,0,FIFA World Cup,Rome,Italy,FALSE
1990/6/26,England,Belgium,1,0,FIFA World Cup,Bologna,Italy,TRUE
1990/6/26,Spain,Yugoslavia,1,2,FIFA World Cup,Verona,Italy,TRUE
1990/6/30,Italy,Ireland,1,0,FIFA World Cup,Rome,Italy,FALSE
1990/6/30,Yugoslavia,Argentina,0,0,FIFA World Cup,Florence,Italy,TRUE
1990/7/1,Cameroon,England,2,3,FIFA World Cup,Naples,Italy,TRUE
1990/7/1,Germany,Czechoslovakia,1,0,FIFA World Cup,Milan,Italy,TRUE
1990/7/3,Italy,Argentina,1,1,FIFA World Cup,Naples,Italy,FALSE
1990/7/4,Germany,England,1,1,FIFA World Cup,Turin,Italy,TRUE
1990/7/7,Italy,England,2,1,FIFA World Cup,Bari,Italy,FALSE
1990/7/8,Germany,Argentina,1,0,FIFA World Cup,Rome,Italy,TRUE
1994/6/17,Germany,Bolivia,1,0,FIFA World Cup,Chicago,USA,TRUE
1994/6/17,Spain,Korea Republic,2,2,FIFA World Cup,Dallas,USA,TRUE
1994/6/18,Colombia,Romania,1,3,FIFA World Cup,Pasadena,USA,TRUE
1994/6/18,Italy,Ireland,0,1,FIFA World Cup,East Rutherford,USA,TRUE
1994/6/18,USA,Switzerland,1,1,FIFA World Cup,Pontiac,USA,FALSE
1994/6/19,Belgium,Morocco,1,0,FIFA World Cup,Orlando,USA,TRUE
1994/6/19,Cameroon,Sweden,2,2,FIFA World Cup,Pasadena,USA,TRUE
1994/6/19,Norway,Mexico,1,0,FIFA World Cup,Washington,USA,TRUE
1994/6/20,Brazil,Russia,2,0,FIFA World Cup,Palo Alto,USA,TRUE
1994/6/20,Netherlands,Saudi Arabia,2,1,FIFA World Cup,Washington,USA,TRUE
1994/6/21,Argentina,Greece,4,0,FIFA World Cup,Foxborough,USA,TRUE
1994/6/21,Germany,Spain,1,1,FIFA World Cup,Chicago,USA,TRUE
1994/6/21,Nigeria,Bulgaria,3,0,FIFA World Cup,Dallas,USA,TRUE
1994/6/22,Romania,Switzerland,1,4,FIFA World Cup,Pontiac,USA,TRUE
1994/6/22,USA,Colombia,2,1,FIFA World Cup,Pasadena,USA,FALSE
1994/6/23,Italy,Norway,1,0,FIFA World Cup,East Rutherford,USA,TRUE
1994/6/23,Korea Republic,Bolivia,0,0,FIFA World Cup,Foxborough,USA,TRUE
1994/6/24,Brazil,Cameroon,3,0,FIFA World Cup,Palo Alto,USA,TRUE
1994/6/24,Mexico,Ireland,2,1,FIFA World Cup,Orlando,USA,TRUE
1994/6/24,Sweden,Russia,3,1,FIFA World Cup,Pontiac,USA,TRUE
1994/6/25,Argentina,Nigeria,2,1,FIFA World Cup,Foxborough,USA,TRUE
1994/6/25,Belgium,Netherlands,1,0,FIFA World Cup,Orlando,USA,TRUE
1994/6/25,Saudi Arabia,Morocco,2,1,FIFA World Cup,East Rutherford,USA,TRUE
1994/6/26,Bulgaria,Greece,4,0,FIFA World Cup,Chicago,USA,TRUE
1994/6/26,Switzerland,Colombia,0,2,FIFA World Cup,Palo Alto,USA,TRUE
1994/6/26,USA,Romania,0,1,FIFA World Cup,Pasadena,USA,FALSE
1994/6/27,Bolivia,Spain,1,3,FIFA World Cup,Chicago,USA,TRUE
1994/6/27,Germany,Korea Republic,3,2,FIFA World Cup,Dallas,USA,TRUE
1994/6/28,Brazil,Sweden,1,1,FIFA World Cup,Pontiac,USA,TRUE
1994/6/28,Ireland,Norway,0,0,FIFA World Cup,East Rutherford,USA,TRUE
1994/6/28,Italy,Mexico,1,1,FIFA World Cup,Washington,USA,TRUE
1994/6/28,Russia,Cameroon,6,1,FIFA World Cup,Palo Alto,USA,TRUE
1994/6/29,Belgium,Saudi Arabia,0,1,FIFA World Cup,Washington,USA,TRUE
1994/6/29,Morocco,Netherlands,1,2,FIFA World Cup,Orlando,USA,TRUE
1994/6/30,Argentina,Bulgaria,0,2,FIFA World Cup,Dallas,USA,TRUE
1994/6/30,Greece,Nigeria,0,2,FIFA World Cup,Foxborough,USA,TRUE
1994/7/2,Germany,Belgium,3,2,FIFA World Cup,Chicago,USA,TRUE
1994/7/2,Spain,Switzerland,3,0,FIFA World Cup,Washington,USA,TRUE
1994/7/3,Romania,Argentina,3,2,FIFA World Cup,Pasadena,USA,TRUE
1994/7/3,Saudi Arabia,Sweden,1,3,FIFA World Cup,Dallas,USA,TRUE
1994/7/4,Netherlands,Ireland,2,0,FIFA World Cup,Orlando,USA,TRUE
1994/7/4,USA,Brazil,0,1,FIFA World Cup,Palo Alto,USA,FALSE
1994/7/5,Mexico,Bulgaria,1,1,FIFA World Cup,East Rutherford,USA,TRUE
1994/7/5,Nigeria,Italy,1,2,FIFA World Cup,Foxborough,USA,TRUE
1994/7/9,Italy,Spain,2,1,FIFA World Cup,Foxborough,USA,TRUE
1994/7/9,Netherlands,Brazil,2,3,FIFA World Cup,Dallas,USA,TRUE
1994/7/10,Bulgaria,Germany,2,1,FIFA World Cup,East Rutherford,USA,TRUE
1994/7/10,Romania,Sweden,2,2,FIFA World Cup,Palo Alto,USA,TRUE
1994/7/13,Bulgaria,Italy,1,2,FIFA World Cup,East Rutherford,USA,TRUE
1994/7/13,Sweden,Brazil,0,1,FIFA World Cup,Pasadena,USA,TRUE
1994/7/16,Sweden,Bulgaria,4,0,FIFA World Cup,Pasadena,USA,TRUE
1994/7/17,Brazil,Italy,0,0,FIFA World Cup,Pasadena,USA,TRUE
1998/6/10,Brazil,Scotland,2,1,FIFA World Cup,Saint-Denis,France,TRUE
1998/6/10,Morocco,Norway,2,2,FIFA World Cup,Montpellier,France,TRUE
1998/6/11,Cameroon,Austria,1,1,FIFA World Cup,Toulouse,France,TRUE
1998/6/11,Italy,Chile,2,2,FIFA World Cup,Bordeaux,France,TRUE
1998/6/12,France,South Africa,3,0,FIFA World Cup,Marseilles,France,FALSE
1998/6/12,Paraguay,Bulgaria,0,0,FIFA World Cup,Montpellier,France,TRUE
1998/6/12,Saudi Arabia,Denmark,0,1,FIFA World Cup,Lens,France,TRUE
1998/6/13,Korea Republic,Mexico,1,3,FIFA World Cup,Lyon,France,TRUE
1998/6/13,Netherlands,Belgium,0,0,FIFA World Cup,Saint-Denis,France,TRUE
1998/6/13,Spain,Nigeria,2,3,FIFA World Cup,Nantes,France,TRUE
1998/6/14,Argentina,Japan,1,0,FIFA World Cup,Toulouse,France,TRUE
1998/6/14,Jamaica,Croatia,1,3,FIFA World Cup,Lens,France,TRUE
1998/6/14,Serbia,Iran,1,0,FIFA World Cup,Saint-Étienne,France,TRUE
1998/6/15,England,Tunisia,2,0,FIFA World Cup,Marseilles,France,TRUE
1998/6/15,Germany,USA,2,0,FIFA World Cup,Paris,France,TRUE
1998/6/15,Romania,Colombia,1,0,FIFA World Cup,Lyon,France,TRUE
1998/6/16,Brazil,Morocco,3,0,FIFA World Cup,Nantes,France,TRUE
1998/6/16,Scotland,Norway,1,1,FIFA World Cup,Bordeaux,France,TRUE
1998/6/17,Chile,Austria,1,1,FIFA World Cup,Saint-Étienne,France,TRUE
1998/6/17,Italy,Cameroon,3,0,FIFA World Cup,Montpellier,France,TRUE
1998/6/18,France,Saudi Arabia,4,0,FIFA World Cup,Saint-Denis,France,FALSE
1998/6/18,South Africa,Denmark,1,1,FIFA World Cup,Toulouse,France,TRUE
1998/6/19,Nigeria,Bulgaria,1,0,FIFA World Cup,Paris,France,TRUE
1998/6/19,Spain,Paraguay,0,0,FIFA World Cup,Saint-Étienne,France,TRUE
1998/6/20,Belgium,Mexico,2,2,FIFA World Cup,Bordeaux,France,TRUE
1998/6/20,Japan,Croatia,0,1,FIFA World Cup,Nantes,France,TRUE
1998/6/20,Netherlands,Korea Republic,5,0,FIFA World Cup,Marseilles,France,TRUE
1998/6/21,Argentina,Jamaica,5,0,FIFA World Cup,Paris,France,TRUE
1998/6/21,Germany,Serbia,2,2,FIFA World Cup,Lens,France,TRUE
1998/6/21,USA,Iran,1,2,FIFA World Cup,Lyon,France,TRUE
1998/6/22,Colombia,Tunisia,1,0,FIFA World Cup,Montpellier,France,TRUE
1998/6/22,Romania,England,2,1,FIFA World Cup,Toulouse,France,TRUE
1998/6/23,Brazil,Norway,1,2,FIFA World Cup,Marseilles,France,TRUE
1998/6/23,Chile,Cameroon,1,1,FIFA World Cup,Nantes,France,TRUE
1998/6/23,Italy,Austria,2,1,FIFA World Cup,Saint-Denis,France,TRUE
1998/6/23,Scotland,Morocco,0,3,FIFA World Cup,Saint-Étienne,France,TRUE
1998/6/24,France,Denmark,2,1,FIFA World Cup,Lyon,France,FALSE
1998/6/24,Nigeria,Paraguay,1,3,FIFA World Cup,Toulouse,France,TRUE
1998/6/24,South Africa,Saudi Arabia,2,2,FIFA World Cup,Bordeaux,France,TRUE
1998/6/24,Spain,Bulgaria,6,1,FIFA World Cup,Lens,France,TRUE
1998/6/25,Belgium,Korea Republic,1,1,FIFA World Cup,Paris,France,TRUE
1998/6/25,Germany,Iran,2,0,FIFA World Cup,Montpellier,France,TRUE
1998/6/25,Netherlands,Mexico,2,2,FIFA World Cup,Saint-Étienne,France,TRUE
1998/6/25,USA,Serbia,0,1,FIFA World Cup,Nantes,France,TRUE
1998/6/26,Argentina,Croatia,1,0,FIFA World Cup,Bordeaux,France,TRUE
1998/6/26,Colombia,England,0,2,FIFA World Cup,Lens,France,TRUE
1998/6/26,Japan,Jamaica,1,2,FIFA World Cup,Lyon,France,TRUE
1998/6/26,Romania,Tunisia,1,1,FIFA World Cup,Saint-Denis,France,TRUE
1998/6/27,Brazil,Chile,4,1,FIFA World Cup,Paris,France,TRUE
1998/6/27,Italy,Norway,1,0,FIFA World Cup,Marseilles,France,TRUE
1998/6/28,France,Paraguay,1,0,FIFA World Cup,Lens,France,FALSE
1998/6/28,Nigeria,Denmark,1,4,FIFA World Cup,Saint-Denis,France,TRUE
1998/6/29,Germany,Mexico,2,1,FIFA World Cup,Montpellier,France,TRUE
1998/6/29,Netherlands,Serbia,2,1,FIFA World Cup,Toulouse,France,TRUE
1998/6/30,Argentina,England,2,2,FIFA World Cup,Saint-Étienne,France,TRUE
1998/6/30,Romania,Croatia,0,1,FIFA World Cup,Bordeaux,France,TRUE
1998/7/3,Brazil,Denmark,3,2,FIFA World Cup,Nantes,France,TRUE
1998/7/3,France,Italy,0,0,FIFA World Cup,Saint-Denis,France,FALSE
1998/7/4,Germany,Croatia,0,3,FIFA World Cup,Lyon,France,TRUE
1998/7/4,Netherlands,Argentina,2,1,FIFA World Cup,Marseilles,France,TRUE
1998/7/7,Brazil,Netherlands,1,1,FIFA World Cup,Marseilles,France,TRUE
1998/7/8,France,Croatia,2,1,FIFA World Cup,Saint-Denis,France,FALSE
1998/7/11,Netherlands,Croatia,1,2,FIFA World Cup,Paris,France,TRUE
1998/7/12,France,Brazil,3,0,FIFA World Cup,Saint-Denis,France,FALSE
2002/5/31,France,Senegal,0,1,FIFA World Cup,Seoul,Korea Republic,TRUE
2002/6/1,Germany,Saudi Arabia,8,0,FIFA World Cup,Sapporo,Japan,TRUE
2002/6/1,Ireland,Cameroon,1,1,FIFA World Cup,Niigata,Japan,TRUE
2002/6/1,Uruguay,Denmark,1,2,FIFA World Cup,Ulsan,Korea Republic,TRUE
2002/6/2,Argentina,Nigeria,1,0,FIFA World Cup,Kashima,Japan,TRUE
2002/6/2,England,Sweden,1,1,FIFA World Cup,Saitama,Japan,TRUE
2002/6/2,Paraguay,South Africa,2,2,FIFA World Cup,Busan,Korea Republic,TRUE
2002/6/2,Spain,Slovenia,3,1,FIFA World Cup,Gwangju,Korea Republic,TRUE
2002/6/3,Brazil,Turkey,2,1,FIFA World Cup,Ulsan,Korea Republic,TRUE
2002/6/3,Croatia,Mexico,0,1,FIFA World Cup,Niigata,Japan,TRUE
2002/6/3,Italy,Ecuador,2,0,FIFA World Cup,Sapporo,Japan,TRUE
2002/6/4,China,Costa Rica,0,2,FIFA World Cup,Gwangju,Korea Republic,TRUE
2002/6/4,Japan,Belgium,2,2,FIFA World Cup,Saitama,Japan,FALSE
2002/6/4,Korea Republic,Poland,2,0,FIFA World Cup,Busan,Korea Republic,FALSE
2002/6/5,Germany,Ireland,1,1,FIFA World Cup,Kashima,Japan,TRUE
2002/6/5,Russia,Tunisia,2,0,FIFA World Cup,Kobe,Japan,TRUE
2002/6/5,USA,Portugal,3,2,FIFA World Cup,Suwon,Korea Republic,TRUE
2002/6/6,Cameroon,Saudi Arabia,1,0,FIFA World Cup,Saitama,Japan,TRUE
2002/6/6,Denmark,Senegal,1,1,FIFA World Cup,Daegu,Korea Republic,TRUE
2002/6/6,France,Uruguay,0,0,FIFA World Cup,Busan,Korea Republic,TRUE
2002/6/7,Argentina,England,0,1,FIFA World Cup,Sapporo,Japan,TRUE
2002/6/7,Spain,Paraguay,3,1,FIFA World Cup,Jeonju,Korea Republic,TRUE
2002/6/7,Sweden,Nigeria,2,1,FIFA World Cup,Kobe,Japan,TRUE
2002/6/8,Brazil,China,4,0,FIFA World Cup,Seogwipo,Korea Republic,TRUE
2002/6/8,Italy,Croatia,1,2,FIFA World Cup,Kashima,Japan,TRUE
2002/6/8,South Africa,Slovenia,1,0,FIFA World Cup,Daegu,Korea Republic,TRUE
2002/6/9,Costa Rica,Turkey,1,1,FIFA World Cup,Incheon,Korea Republic,TRUE
2002/6/9,Japan,Russia,1,0,FIFA World Cup,Yokohama,Japan,FALSE
2002/6/9,Mexico,Ecuador,2,1,FIFA World Cup,Rifu,Japan,TRUE
2002/6/10,Korea Republic,USA,1,1,FIFA World Cup,Daegu,Korea Republic,FALSE
2002/6/10,Portugal,Poland,4,0,FIFA World Cup,Jeonju,Korea Republic,TRUE
2002/6/10,Tunisia,Belgium,1,1,FIFA World Cup,Ōita,Japan,TRUE
2002/6/11,Cameroon,Germany,0,2,FIFA World Cup,Fukuroi,Japan,TRUE
2002/6/11,Denmark,France,2,0,FIFA World Cup,Incheon,Korea Republic,TRUE
2002/6/11,Saudi Arabia,Ireland,0,3,FIFA World Cup,Yokohama,Japan,TRUE
2002/6/11,Senegal,Uruguay,3,3,FIFA World Cup,Suwon,Korea Republic,TRUE
2002/6/12,Nigeria,England,0,0,FIFA World Cup,Osaka,Japan,TRUE
2002/6/12,Slovenia,Paraguay,1,3,FIFA World Cup,Seogwipo,Korea Republic,TRUE
2002/6/12,South Africa,Spain,2,3,FIFA World Cup,Daejeon,Korea Republic,TRUE
2002/6/12,Sweden,Argentina,1,1,FIFA World Cup,Rifu,Japan,TRUE
2002/6/13,Costa Rica,Brazil,2,5,FIFA World Cup,Suwon,Korea Republic,TRUE
2002/6/13,Ecuador,Croatia,1,0,FIFA World Cup,Yokohama,Japan,TRUE
2002/6/13,Mexico,Italy,1,1,FIFA World Cup,Ōita,Japan,TRUE
2002/6/13,Turkey,China,3,0,FIFA World Cup,Seoul,Korea Republic,TRUE
2002/6/14,Belgium,Russia,3,2,FIFA World Cup,Fukuroi,Japan,TRUE
2002/6/14,Japan,Tunisia,2,0,FIFA World Cup,Osaka,Japan,FALSE
2002/6/14,Korea Republic,Portugal,1,0,FIFA World Cup,Incheon,Korea Republic,FALSE
2002/6/14,Poland,USA,3,1,FIFA World Cup,Daejeon,Korea Republic,TRUE
2002/6/15,Denmark,England,0,3,FIFA World Cup,Niigata,Japan,TRUE
2002/6/15,Germany,Paraguay,1,0,FIFA World Cup,Seogwipo,Korea Republic,TRUE
2002/6/16,Spain,Ireland,1,1,FIFA World Cup,Suwon,Korea Republic,TRUE
2002/6/16,Sweden,Senegal,1,2,FIFA World Cup,Ōita,Japan,TRUE
2002/6/17,Brazil,Belgium,2,0,FIFA World Cup,Kobe,Japan,TRUE
2002/6/17,Mexico,USA,0,2,FIFA World Cup,Jeonju,Korea Republic,TRUE
2002/6/18,Japan,Turkey,0,1,FIFA World Cup,Rifu,Japan,FALSE
2002/6/18,Korea Republic,Italy,2,1,FIFA World Cup,Daejeon,Korea Republic,FALSE
2002/6/21,England,Brazil,1,2,FIFA World Cup,Fukuroi,Japan,TRUE
2002/6/21,Germany,USA,1,0,FIFA World Cup,Ulsan,Korea Republic,TRUE
2002/6/22,Korea Republic,Spain,0,0,FIFA World Cup,Gwangju,Korea Republic,FALSE
2002/6/22,Senegal,Turkey,0,1,FIFA World Cup,Osaka,Japan,TRUE
2002/6/25,Korea Republic,Germany,0,1,FIFA World Cup,Seoul,Korea Republic,FALSE
2002/6/26,Brazil,Turkey,1,0,FIFA World Cup,Saitama,Japan,TRUE
2002/6/29,Korea Republic,Turkey,2,3,FIFA World Cup,Daegu,Korea Republic,FALSE
2002/6/30,Germany,Brazil,0,2,FIFA World Cup,Yokohama,Japan,TRUE
2006/6/9,Germany,Costa Rica,4,2,FIFA World Cup,Munich,Germany,FALSE
2006/6/9,Poland,Ecuador,0,2,FIFA World Cup,Gelsenkirchen,Germany,TRUE
2006/6/10,Argentina,Ivory Coast,2,1,FIFA World Cup,Hamburg,Germany,TRUE
2006/6/10,England,Paraguay,1,0,FIFA World Cup,Frankfurt am Main,Germany,TRUE
2006/6/10,Trinidad and Tobago,Sweden,0,0,FIFA World Cup,Dortmund,Germany,TRUE
2006/6/11,Angola,Portugal,0,1,FIFA World Cup,Cologne,Germany,TRUE
2006/6/11,Mexico,Iran,3,1,FIFA World Cup,Nuremberg,Germany,TRUE
2006/6/11,Serbia,Netherlands,0,1,FIFA World Cup,Leipzig,Germany,TRUE
2006/6/12,Australia,Japan,3,1,FIFA World Cup,Kaiserslautern,Germany,TRUE
2006/6/12,Italy,Ghana,2,0,FIFA World Cup,Hanover,Germany,TRUE
2006/6/12,USA,Czech Republic,0,3,FIFA World Cup,Gelsenkirchen,Germany,TRUE
2006/6/13,Brazil,Croatia,1,0,FIFA World Cup,Berlin,Germany,TRUE
2006/6/13,France,Switzerland,0,0,FIFA World Cup,Stuttgart,Germany,TRUE
2006/6/13,Korea Republic,Togo,2,1,FIFA World Cup,Frankfurt am Main,Germany,TRUE
2006/6/14,Germany,Poland,1,0,FIFA World Cup,Dortmund,Germany,FALSE
2006/6/14,Spain,Ukraine,4,0,FIFA World Cup,Leipzig,Germany,TRUE
2006/6/14,Tunisia,Saudi Arabia,2,2,FIFA World Cup,Munich,Germany,TRUE
2006/6/15,Ecuador,Costa Rica,3,0,FIFA World Cup,Hamburg,Germany,TRUE
2006/6/15,England,Trinidad and Tobago,2,0,FIFA World Cup,Nuremberg,Germany,TRUE
2006/6/15,Sweden,Paraguay,1,0,FIFA World Cup,Berlin,Germany,TRUE
2006/6/16,Argentina,Serbia,6,0,FIFA World Cup,Gelsenkirchen,Germany,TRUE
2006/6/16,Mexico,Angola,0,0,FIFA World Cup,Hanover,Germany,TRUE
2006/6/16,Netherlands,Ivory Coast,2,1,FIFA World Cup,Stuttgart,Germany,TRUE
2006/6/17,Czech Republic,Ghana,0,2,FIFA World Cup,Cologne,Germany,TRUE
2006/6/17,Italy,USA,1,1,FIFA World Cup,Kaiserslautern,Germany,TRUE
2006/6/17,Portugal,Iran,2,0,FIFA World Cup,Frankfurt am Main,Germany,TRUE
2006/6/18,Brazil,Australia,2,0,FIFA World Cup,Munich,Germany,TRUE
2006/6/18,France,Korea Republic,1,1,FIFA World Cup,Leipzig,Germany,TRUE
2006/6/18,Japan,Croatia,0,0,FIFA World Cup,Nuremberg,Germany,TRUE
2006/6/19,Saudi Arabia,Ukraine,0,4,FIFA World Cup,Hamburg,Germany,TRUE
2006/6/19,Spain,Tunisia,3,1,FIFA World Cup,Stuttgart,Germany,TRUE
2006/6/19,Togo,Switzerland,0,2,FIFA World Cup,Dortmund,Germany,TRUE
2006/6/20,Costa Rica,Poland,1,2,FIFA World Cup,Hanover,Germany,TRUE
2006/6/20,Germany,Ecuador,3,0,FIFA World Cup,Berlin,Germany,FALSE
2006/6/20,Paraguay,Trinidad and Tobago,2,0,FIFA World Cup,Kaiserslautern,Germany,TRUE
2006/6/20,Sweden,England,2,2,FIFA World Cup,Cologne,Germany,TRUE
2006/6/21,Iran,Angola,1,1,FIFA World Cup,Leipzig,Germany,TRUE
2006/6/21,Ivory Coast,Serbia,3,2,FIFA World Cup,Munich,Germany,TRUE
2006/6/21,Netherlands,Argentina,0,0,FIFA World Cup,Frankfurt am Main,Germany,TRUE
2006/6/21,Portugal,Mexico,2,1,FIFA World Cup,Gelsenkirchen,Germany,TRUE
2006/6/22,Croatia,Australia,2,2,FIFA World Cup,Stuttgart,Germany,TRUE
2006/6/22,Czech Republic,Italy,0,2,FIFA World Cup,Hamburg,Germany,TRUE
2006/6/22,Ghana,USA,2,1,FIFA World Cup,Nuremberg,Germany,TRUE
2006/6/22,Japan,Brazil,1,4,FIFA World Cup,Dortmund,Germany,TRUE
2006/6/23,Saudi Arabia,Spain,0,1,FIFA World Cup,Kaiserslautern,Germany,TRUE
2006/6/23,Switzerland,Korea Republic,2,0,FIFA World Cup,Hanover,Germany,TRUE
2006/6/23,Togo,France,0,2,FIFA World Cup,Cologne,Germany,TRUE
2006/6/23,Ukraine,Tunisia,1,0,FIFA World Cup,Berlin,Germany,TRUE
2006/6/24,Argentina,Mexico,2,1,FIFA World Cup,Leipzig,Germany,TRUE
2006/6/24,Germany,Sweden,2,0,FIFA World Cup,Munich,Germany,FALSE
2006/6/25,England,Ecuador,1,0,FIFA World Cup,Stuttgart,Germany,TRUE
2006/6/25,Portugal,Netherlands,1,0,FIFA World Cup,Nuremberg,Germany,TRUE
2006/6/26,Italy,Australia,1,0,FIFA World Cup,Kaiserslautern,Germany,TRUE
2006/6/26,Switzerland,Ukraine,0,0,FIFA World Cup,Cologne,Germany,TRUE
2006/6/27,Brazil,Ghana,3,0,FIFA World Cup,Dortmund,Germany,TRUE
2006/6/27,Spain,France,1,3,FIFA World Cup,Hanover,Germany,TRUE
2006/6/30,Germany,Argentina,1,1,FIFA World Cup,Berlin,Germany,FALSE
2006/6/30,Italy,Ukraine,3,0,FIFA World Cup,Hamburg,Germany,TRUE
2006/7/1,Brazil,France,0,1,FIFA World Cup,Frankfurt am Main,Germany,TRUE
2006/7/1,England,Portugal,0,0,FIFA World Cup,Gelsenkirchen,Germany,TRUE
2006/7/4,Germany,Italy,0,2,FIFA World Cup,Dortmund,Germany,FALSE
2006/7/5,Portugal,France,0,1,FIFA World Cup,Munich,Germany,TRUE
2006/7/8,Germany,Portugal,3,1,FIFA World Cup,Stuttgart,Germany,FALSE
2006/7/9,Italy,France,1,1,FIFA World Cup,Berlin,Germany,TRUE
2010/6/11,South Africa,Mexico,1,1,FIFA World Cup,Johannesburg,South Africa,FALSE
2010/6/11,Uruguay,France,0,0,FIFA World Cup,Cape Town,South Africa,TRUE
2010/6/12,Argentina,Nigeria,1,0,FIFA World Cup,Johannesburg,South Africa,TRUE
2010/6/12,England,USA,1,1,FIFA World Cup,Rustenburg,South Africa,TRUE
2010/6/12,Korea Republic,Greece,2,0,FIFA World Cup,Port Elizabeth,South Africa,TRUE
2010/6/13,Algeria,Slovenia,0,1,FIFA World Cup,Polokwane,South Africa,TRUE
2010/6/13,Germany,Australia,4,0,FIFA World Cup,Durban,South Africa,TRUE
2010/6/13,Serbia,Ghana,0,1,FIFA World Cup,Pretoria,South Africa,TRUE
2010/6/14,Italy,Paraguay,1,1,FIFA World Cup,Cape Town,South Africa,TRUE
2010/6/14,Japan,Cameroon,1,0,FIFA World Cup,Bloemfontein,South Africa,TRUE
2010/6/14,Netherlands,Denmark,2,0,FIFA World Cup,Johannesburg,South Africa,TRUE
2010/6/15,Brazil,Korea DPR,2,1,FIFA World Cup,Johannesburg,South Africa,TRUE
2010/6/15,Ivory Coast,Portugal,0,0,FIFA World Cup,Port Elizabeth,South Africa,TRUE
2010/6/15,New Zealand,Slovakia,1,1,FIFA World Cup,Rustenburg,South Africa,TRUE
2010/6/16,Honduras,Chile,0,1,FIFA World Cup,Nelspruit,South Africa,TRUE
2010/6/16,South Africa,Uruguay,0,3,FIFA World Cup,Pretoria,South Africa,FALSE
2010/6/16,Spain,Switzerland,0,1,FIFA World Cup,Durban,South Africa,TRUE
2010/6/17,Argentina,Korea Republic,4,1,FIFA World Cup,Johannesburg,South Africa,TRUE
2010/6/17,France,Mexico,0,2,FIFA World Cup,Polokwane,South Africa,TRUE
2010/6/17,Greece,Nigeria,2,1,FIFA World Cup,Bloemfontein,South Africa,TRUE
2010/6/18,England,Algeria,0,0,FIFA World Cup,Cape Town,South Africa,TRUE
2010/6/18,Germany,Serbia,0,1,FIFA World Cup,Port Elizabeth,South Africa,TRUE
2010/6/18,Slovenia,USA,2,2,FIFA World Cup,Johannesburg,South Africa,TRUE
2010/6/19,Cameroon,Denmark,1,2,FIFA World Cup,Pretoria,South Africa,TRUE
2010/6/19,Ghana,Australia,1,1,FIFA World Cup,Rustenburg,South Africa,TRUE
2010/6/19,Netherlands,Japan,1,0,FIFA World Cup,Durban,South Africa,TRUE
2010/6/20,Brazil,Ivory Coast,3,1,FIFA World Cup,Johannesburg,South Africa,TRUE
2010/6/20,Italy,New Zealand,1,1,FIFA World Cup,Nelspruit,South Africa,TRUE
2010/6/20,Slovakia,Paraguay,0,2,FIFA World Cup,Bloemfontein,South Africa,TRUE
2010/6/21,Chile,Switzerland,1,0,FIFA World Cup,Port Elizabeth,South Africa,TRUE
2010/6/21,Portugal,Korea DPR,7,0,FIFA World Cup,Cape Town,South Africa,TRUE
2010/6/21,Spain,Honduras,2,0,FIFA World Cup,Johannesburg,South Africa,TRUE
2010/6/22,Greece,Argentina,0,2,FIFA World Cup,Polokwane,South Africa,TRUE
2010/6/22,Mexico,Uruguay,0,1,FIFA World Cup,Rustenburg,South Africa,TRUE
2010/6/22,Nigeria,Korea Republic,2,2,FIFA World Cup,Durban,South Africa,TRUE
2010/6/22,South Africa,France,2,1,FIFA World Cup,Bloemfontein,South Africa,FALSE
2010/6/23,Australia,Serbia,2,1,FIFA World Cup,Nelspruit,South Africa,TRUE
2010/6/23,Ghana,Germany,0,1,FIFA World Cup,Johannesburg,South Africa,TRUE
2010/6/23,Slovenia,England,0,1,FIFA World Cup,Port Elizabeth,South Africa,TRUE
2010/6/23,USA,Algeria,1,0,FIFA World Cup,Pretoria,South Africa,TRUE
2010/6/24,Cameroon,Netherlands,1,2,FIFA World Cup,Cape Town,South Africa,TRUE
2010/6/24,Denmark,Japan,1,3,FIFA World Cup,Rustenburg,South Africa,TRUE
2010/6/24,Paraguay,New Zealand,0,0,FIFA World Cup,Polokwane,South Africa,TRUE
2010/6/24,Slovakia,Italy,3,2,FIFA World Cup,Johannesburg,South Africa,TRUE
2010/6/25,Chile,Spain,1,2,FIFA World Cup,Pretoria,South Africa,TRUE
2010/6/25,Korea DPR,Ivory Coast,0,3,FIFA World Cup,Nelspruit,South Africa,TRUE
2010/6/25,Portugal,Brazil,0,0,FIFA World Cup,Durban,South Africa,TRUE
2010/6/25,Switzerland,Honduras,0,0,FIFA World Cup,Bloemfontein,South Africa,TRUE
2010/6/26,Uruguay,Korea Republic,2,1,FIFA World Cup,Port Elizabeth,South Africa,TRUE
2010/6/26,USA,Ghana,1,2,FIFA World Cup,Rustenburg,South Africa,TRUE
2010/6/27,Argentina,Mexico,3,1,FIFA World Cup,Johannesburg,South Africa,TRUE
2010/6/27,Germany,England,4,1,FIFA World Cup,Bloemfontein,South Africa,TRUE
2010/6/28,Brazil,Chile,3,0,FIFA World Cup,Johannesburg,South Africa,TRUE
2010/6/28,Netherlands,Slovakia,2,1,FIFA World Cup,Durban,South Africa,TRUE
2010/6/29,Paraguay,Japan,0,0,FIFA World Cup,Pretoria,South Africa,TRUE
2010/6/29,Spain,Portugal,1,0,FIFA World Cup,Cape Town,South Africa,TRUE
2010/7/2,Netherlands,Brazil,2,1,FIFA World Cup,Port Elizabeth,South Africa,TRUE
2010/7/2,Uruguay,Ghana,1,1,FIFA World Cup,Johannesburg,South Africa,TRUE
2010/7/3,Argentina,Germany,0,4,FIFA World Cup,Cape Town,South Africa,TRUE
2010/7/3,Paraguay,Spain,0,1,FIFA World Cup,Johannesburg,South Africa,TRUE
2010/7/6,Uruguay,Netherlands,2,3,FIFA World Cup,Cape Town,South Africa,TRUE
2010/7/7,Germany,Spain,0,1,FIFA World Cup,Durban,South Africa,TRUE
2010/7/10,Uruguay,Germany,2,3,FIFA World Cup,Port Elizabeth,South Africa,TRUE
2010/7/11,Netherlands,Spain,0,1,FIFA World Cup,Johannesburg,South Africa,TRUE
2014/6/12,Brazil,Croatia,3,1,FIFA World Cup,São Paulo,Brazil,FALSE
2014/6/13,Chile,Australia,3,1,FIFA World Cup,Cuiabá,Brazil,TRUE
2014/6/13,Mexico,Cameroon,1,0,FIFA World Cup,Natal,Brazil,TRUE
2014/6/13,Spain,Netherlands,1,5,FIFA World Cup,Salvador,Brazil,TRUE
2014/6/14,Colombia,Greece,3,0,FIFA World Cup,Belo Horizonte,Brazil,TRUE
2014/6/14,England,Italy,1,2,FIFA World Cup,Manaus,Brazil,TRUE
2014/6/14,Ivory Coast,Japan,2,1,FIFA World Cup,Recife,Brazil,TRUE
2014/6/14,Uruguay,Costa Rica,1,3,FIFA World Cup,Fortaleza,Brazil,TRUE
2014/6/15,Argentina,Bosnia-Herzegovina,2,1,FIFA World Cup,Rio de Janeiro,Brazil,TRUE
2014/6/15,France,Honduras,3,0,FIFA World Cup,Porto Alegre,Brazil,TRUE
2014/6/15,Switzerland,Ecuador,2,1,FIFA World Cup,Brasília,Brazil,TRUE
2014/6/16,Germany,Portugal,4,0,FIFA World Cup,Salvador,Brazil,TRUE
2014/6/16,Ghana,USA,1,2,FIFA World Cup,Natal,Brazil,TRUE
2014/6/16,Iran,Nigeria,0,0,FIFA World Cup,Curitiba,Brazil,TRUE
2014/6/17,Belgium,Algeria,2,1,FIFA World Cup,Belo Horizonte,Brazil,TRUE
2014/6/17,Brazil,Mexico,0,0,FIFA World Cup,Fortaleza,Brazil,FALSE
2014/6/17,Russia,Korea Republic,1,1,FIFA World Cup,Cuiabá,Brazil,TRUE
2014/6/18,Australia,Netherlands,2,3,FIFA World Cup,Curitiba,Brazil,TRUE
2014/6/18,Cameroon,Croatia,0,4,FIFA World Cup,Manaus,Brazil,TRUE
2014/6/18,Spain,Chile,0,2,FIFA World Cup,Rio de Janeiro,Brazil,TRUE
2014/6/19,Colombia,Ivory Coast,2,1,FIFA World Cup,Brasília,Brazil,TRUE
2014/6/19,Japan,Greece,0,0,FIFA World Cup,Natal,Brazil,TRUE
2014/6/19,Uruguay,England,2,1,FIFA World Cup,São Paulo,Brazil,TRUE
2014/6/20,Honduras,Ecuador,1,2,FIFA World Cup,Curitiba,Brazil,TRUE
2014/6/20,Italy,Costa Rica,0,1,FIFA World Cup,Recife,Brazil,TRUE
2014/6/20,Switzerland,France,2,5,FIFA World Cup,Salvador,Brazil,TRUE
2014/6/21,Argentina,Iran,1,0,FIFA World Cup,Belo Horizonte,Brazil,TRUE
2014/6/21,Germany,Ghana,2,2,FIFA World Cup,Fortaleza,Brazil,TRUE
2014/6/21,Nigeria,Bosnia-Herzegovina,1,0,FIFA World Cup,Cuiabá,Brazil,TRUE
2014/6/22,Belgium,Russia,1,0,FIFA World Cup,Rio de Janeiro,Brazil,TRUE
2014/6/22,Korea Republic,Algeria,2,4,FIFA World Cup,Porto Alegre,Brazil,TRUE
2014/6/22,USA,Portugal,2,2,FIFA World Cup,Manaus,Brazil,TRUE
2014/6/23,Australia,Spain,0,3,FIFA World Cup,Curitiba,Brazil,TRUE
2014/6/23,Brazil,Cameroon,4,1,FIFA World Cup,Brasília,Brazil,FALSE
2014/6/23,Croatia,Mexico,1,3,FIFA World Cup,Recife,Brazil,TRUE
2014/6/23,Netherlands,Chile,2,0,FIFA World Cup,São Paulo,Brazil,TRUE
2014/6/24,Costa Rica,England,0,0,FIFA World Cup,Belo Horizonte,Brazil,TRUE
2014/6/24,Greece,Ivory Coast,2,1,FIFA World Cup,Fortaleza,Brazil,TRUE
2014/6/24,Italy,Uruguay,0,1,FIFA World Cup,Natal,Brazil,TRUE
2014/6/24,Japan,Colombia,1,4,FIFA World Cup,Cuiabá,Brazil,TRUE
2014/6/25,Bosnia-Herzegovina,Iran,3,1,FIFA World Cup,Salvador,Brazil,TRUE
2014/6/25,Ecuador,France,0,0,FIFA World Cup,Rio de Janeiro,Brazil,TRUE
2014/6/25,Honduras,Switzerland,0,3,FIFA World Cup,Manaus,Brazil,TRUE
2014/6/25,Nigeria,Argentina,2,3,FIFA World Cup,Porto Alegre,Brazil,TRUE
2014/6/26,Algeria,Russia,1,1,FIFA World Cup,Curitiba,Brazil,TRUE
2014/6/26,Korea Republic,Belgium,0,1,FIFA World Cup,São Paulo,Brazil,TRUE
2014/6/26,Portugal,Ghana,2,1,FIFA World Cup,Brasília,Brazil,TRUE
2014/6/26,USA,Germany,0,1,FIFA World Cup,Recife,Brazil,TRUE
2014/6/28,Brazil,Chile,1,1,FIFA World Cup,Belo Horizonte,Brazil,FALSE
2014/6/28,Colombia,Uruguay,2,0,FIFA World Cup,Rio de Janeiro,Brazil,TRUE
2014/6/29,Costa Rica,Greece,1,1,FIFA World Cup,Recife,Brazil,TRUE
2014/6/29,Netherlands,Mexico,2,1,FIFA World Cup,Fortaleza,Brazil,TRUE
2014/6/30,France,Nigeria,2,0,FIFA World Cup,Brasília,Brazil,TRUE
2014/6/30,Germany,Algeria,2,1,FIFA World Cup,Porto Alegre,Brazil,TRUE
2014/7/1,Argentina,Switzerland,1,0,FIFA World Cup,São Paulo,Brazil,TRUE
2014/7/1,Belgium,USA,2,1,FIFA World Cup,Salvador,Brazil,TRUE
2014/7/4,Brazil,Colombia,2,1,FIFA World Cup,Fortaleza,Brazil,FALSE
2014/7/4,France,Germany,0,1,FIFA World Cup,Rio de Janeiro,Brazil,TRUE
2014/7/5,Argentina,Belgium,1,0,FIFA World Cup,Brasília,Brazil,TRUE
2014/7/5,Netherlands,Costa Rica,0,0,FIFA World Cup,Salvador,Brazil,TRUE
2014/7/8,Brazil,Germany,1,7,FIFA World Cup,Belo Horizonte,Brazil,FALSE
2014/7/9,Netherlands,Argentina,0,0,FIFA World Cup,São Paulo,Brazil,TRUE
2014/7/12,Brazil,Netherlands,0,3,FIFA World Cup,Brasília,Brazil,FALSE
2014/7/13,Germany,Argentina,1,0,FIFA World Cup,Rio de Janeiro,Brazil,TRUE
